,Customer ID,Customer Name,Product Name,State,Sub Category
1,AA-10315,Alex Avila,High Speed Automatic Electric Letter Opener,Texas,Supplies
2,AA-10315,Alex Avila,"Tenex Personal Project File with Scoop Front Design, Black",California,Storage
3,AA-10315,Alex Avila,Fellowes Advanced Computer Series Surge Protectors,California,Appliances
4,AA-10315,Alex Avila,Polycom VVX 310 VoIP phone,Texas,Phones
5,AA-10315,Alex Avila,"Verbatim 25 GB 6x Blu-ray Single Layer Recordable Disc, 1/Pack",Texas,Accessories
6,AA-10315,Alex Avila,"Belkin 325VA UPS Surge Protector, 6'",Minnesota,Appliances
7,AA-10315,Alex Avila,Easy-staple paper,New York,Paper
8,AA-10315,Alex Avila,Avery Binding System Hidden Tab Executive Style Index Sets,Minnesota,Binders
9,AA-10315,Alex Avila,GBC DocuBind 200 Manual Binding Machine,California,Binders
10,AA-10315,Alex Avila,"Acco Banker's Clasps, 5 3/4""-Long",Texas,Fasteners
11,AA-10315,Alex Avila,"Master Caster Door Stop, Large Neon Orange",New York,Furnishings
12,AA-10375,Allen Armold,ACCOHIDE Binder by Acco,California,Binders
13,AA-10375,Allen Armold,Newell 321,Oregon,Art
14,AA-10375,Allen Armold,Xerox 191,Rhode Island,Paper
15,AA-10375,Allen Armold,Clear Mylar Reinforcing Strips,New York,Binders
16,AA-10375,Allen Armold,Sterilite Officeware Hinged File Box,Arizona,Storage
17,AA-10375,Allen Armold,"ACCOHIDE 3-Ring Binder, Blue, 1""",Georgia,Binders
18,AA-10375,Allen Armold,Dexim XPower Skin Super-Thin Power Case for iPhone 5 - Black,New York,Phones
19,AA-10375,Allen Armold,Avoid Verbal Orders Carbonless Minifold Book,Rhode Island,Paper
20,AA-10375,Allen Armold,Kensington SlimBlade Notebook Wireless Mouse with Nano Receiver ,Nebraska,Accessories
21,AA-10375,Allen Armold,Avery Premier Heavy-Duty Binder with Round Locking Rings,California,Binders
22,AA-10375,Allen Armold,Portfile Personal File Boxes,Tennessee,Storage
23,AA-10375,Allen Armold,Logitech diNovo Edge Keyboard,Georgia,Accessories
24,AA-10375,Allen Armold,Xerox 4200 Series MultiUse Premium Copy Paper (20Lb. and 84 Bright),Georgia,Paper
25,AA-10375,Allen Armold,Xerox 1895,New York,Paper
26,AA-10375,Allen Armold,Coloredge Poster Frame,Nebraska,Furnishings
27,AA-10480,Andrew Allen,Xerox 1950,Michigan,Paper
28,AA-10480,Andrew Allen,Tennsco 6- and 18-Compartment Lockers,Missouri,Storage
29,AA-10480,Andrew Allen,NETGEAR AC1750 Dual Band Gigabit Smart WiFi Router,Michigan,Accessories
30,AA-10480,Andrew Allen,Xerox 1967,North Carolina,Paper
31,AA-10480,Andrew Allen,Newell 335,Michigan,Art
32,AA-10480,Andrew Allen,Xerox 1993,Missouri,Paper
33,AA-10480,Andrew Allen,ClearSounds CSC500 Amplified Spirit Phone Corded phone,Michigan,Phones
34,AA-10480,Andrew Allen,Strathmore Photo Frame Cards,Missouri,Paper
35,AA-10480,Andrew Allen,"Carina 42""Hx23 3/4""W Media Storage Unit",Missouri,Storage
36,AA-10480,Andrew Allen,"Rediform Wirebound ""Phone Memo"" Message Book, 11 x 5-3/4",Missouri,Paper
37,AA-10480,Andrew Allen,DAX Wood Document Frame,Connecticut,Furnishings
38,AA-10480,Andrew Allen,Hon 4060 Series Tables,Michigan,Tables
39,AA-10645,Anna Andreadi,Eldon Shelf Savers Cubes and Bins,California,Storage
40,AA-10645,Anna Andreadi,Fellowes Neat Ideas Storage Cubes,Kentucky,Storage
41,AA-10645,Anna Andreadi,Poly Designer Cover & Back,Kentucky,Binders
42,AA-10645,Anna Andreadi,Nontoxic Chalk,Kentucky,Art
43,AA-10645,Anna Andreadi,"Linden 10"" Round Wall Clock, Black",Massachusetts,Furnishings
44,AA-10645,Anna Andreadi,Hon Olson Stacker Chairs,Oklahoma,Chairs
45,AA-10645,Anna Andreadi,Xerox 1996,California,Paper
46,AA-10645,Anna Andreadi,Easy-staple paper,Oklahoma,Paper
47,AA-10645,Anna Andreadi,Panasonic Kx-TS550,Pennsylvania,Phones
48,AA-10645,Anna Andreadi,"Hon Deluxe Fabric Upholstered Stacking Chairs, Rounded Back",Pennsylvania,Chairs
49,AA-10645,Anna Andreadi,"Inter-Office Recycled Envelopes, Brown Kraft, Button-String,10"" x 13"" , 100/Box",California,Envelopes
50,AA-10645,Anna Andreadi,"Atlantic Metals Mobile 5-Shelf Bookcases, Custom Colors",California,Bookcases
51,AA-10645,Anna Andreadi,"Tennsco Stur-D-Stor Boltless Shelving, 5 Shelves, 24"" Deep, Sand",Oklahoma,Storage
52,AA-10645,Anna Andreadi,"Master Caster Door Stop, Brown",California,Furnishings
53,AA-10645,Anna Andreadi,Cisco IP Phone 7961G VoIP phone - Dark gray,Massachusetts,Phones
54,AA-10645,Anna Andreadi,Ultra Door Push Plate,Massachusetts,Furnishings
55,AA-10645,Anna Andreadi,"Padded Folding Chairs, Black, 4/Carton",Pennsylvania,Chairs
56,AA-10645,Anna Andreadi,Coloredge Poster Frame,Kentucky,Furnishings
57,AB-10015,Aaron Bergman,"Carina 42""Hx23 3/4""W Media Storage Unit",Washington,Storage
58,AB-10015,Aaron Bergman,"Global Push Button Manager's Chair, Indigo",Washington,Chairs
59,AB-10015,Aaron Bergman,Akro Stacking Bins,Texas,Storage
60,AB-10015,Aaron Bergman,Newell 330,Washington,Art
61,AB-10015,Aaron Bergman,Samsung Convoy 3,Oklahoma,Phones
62,AB-10015,Aaron Bergman,"Sauder Facets Collection Library, Sky Alder Finish",Oklahoma,Bookcases
63,AB-10060,Adam Bellavance,Ibico Covers for Plastic or Wire Binding Elements,Virginia,Binders
64,AB-10060,Adam Bellavance,GBC DocuBind P400 Electric Binding System,New York,Binders
65,AB-10060,Adam Bellavance,"Ampad Gold Fibre Wirebound Steno Books, 6"" x 9"", Gregg Ruled",Indiana,Paper
66,AB-10060,Adam Bellavance,Xerox 231,Pennsylvania,Paper
67,AB-10060,Adam Bellavance,Sabrent 4-Port USB 2.0 Hub,New York,Accessories
68,AB-10060,Adam Bellavance,Acco Hanging Data Binders,New York,Binders
69,AB-10060,Adam Bellavance,SanDisk Cruzer 64 GB USB Flash Drive,Washington,Accessories
70,AB-10060,Adam Bellavance,"Wirebound Message Books, Four 2 3/4"" x 5"" Forms per Page, 600 Sets per Book",Washington,Paper
71,AB-10060,Adam Bellavance,Xerox 1881,New York,Paper
72,AB-10060,Adam Bellavance,Easy-staple paper,Indiana,Paper
73,AB-10060,Adam Bellavance,"Eureka The Boss Lite 10-Amp Upright Vacuum, Blue",Virginia,Appliances
74,AB-10060,Adam Bellavance,"Howard Miller 14-1/2"" Diameter Chrome Round Wall Clock",Virginia,Furnishings
75,AB-10060,Adam Bellavance,Logitech G600 MMO Gaming Mouse,California,Accessories
76,AB-10060,Adam Bellavance,Hon 5100 Series Wood Tables,Washington,Tables
77,AB-10060,Adam Bellavance,Acme Forged Steel Scissors with Black Enamel Handles,New Hampshire,Supplies
78,AB-10060,Adam Bellavance,Hon 2090 “Pillow Soft” Series Mid Back Swivel/Tilt Chairs,Washington,Chairs
79,AB-10060,Adam Bellavance,Strathmore Photo Mount Cards,Indiana,Paper
80,AB-10105,Adrian Barton,"Belkin 19"" Center-Weighted Shelf, Gray",New York,Storage
81,AB-10105,Adrian Barton,Ibico Ibimaster 300 Manual Binding System,Indiana,Binders
82,AB-10105,Adrian Barton,Bevis Boat-Shaped Conference Table,Arizona,Tables
83,AB-10105,Adrian Barton,GBC Ibimaster 500 Manual ProClick Binding System,Michigan,Binders
84,AB-10105,Adrian Barton,Sony Micro Vault Click 16 GB USB 2.0 Flash Drive,Arizona,Accessories
85,AB-10105,Adrian Barton,Fellowes Recycled Storage Drawers,Texas,Storage
86,AB-10105,Adrian Barton,Plastic Binding Combs,Arizona,Binders
87,AB-10105,Adrian Barton,Avery 487,Indiana,Labels
88,AB-10105,Adrian Barton,Lumber Crayons,Texas,Art
89,AB-10105,Adrian Barton,"Gould Plastics 9-Pocket Panel Bin, 18-3/8w x 5-1/4d x 20-1/2h, Black",Texas,Storage
90,AB-10105,Adrian Barton,LG G3,Texas,Phones
91,AB-10105,Adrian Barton,Avery Recycled Flexi-View Covers for Binding Systems,Texas,Binders
92,AB-10105,Adrian Barton,GBC Imprintable Covers,Kentucky,Binders
93,AB-10105,Adrian Barton,Akro Stacking Bins,Arizona,Storage
94,AB-10105,Adrian Barton,Kensington K72356US Mouse-in-a-Box USB Desktop Mouse,Illinois,Accessories
95,AB-10105,Adrian Barton,Aastra 6757i CT Wireless VoIP phone,Oregon,Phones
96,AB-10105,Adrian Barton,Polycom VoiceStation 500 Conference phone,Arizona,Phones
97,AB-10105,Adrian Barton,"3M Polarizing Task Lamp with Clamp Arm, Light Gray",Kentucky,Furnishings
98,AB-10105,Adrian Barton,Tenex Chairmats For Use with Hard Floors,Texas,Furnishings
99,AB-10105,Adrian Barton,Canon PC170 Desktop Personal Copier,Texas,Machines
100,AB-10150,Aimee Bixby,Xerox 1952,Oklahoma,Paper
101,AB-10150,Aimee Bixby,Xerox 1994,Texas,Paper
102,AB-10150,Aimee Bixby,Xerox 1891,New York,Paper
103,AB-10150,Aimee Bixby,"Verbatim 25 GB 6x Blu-ray Single Layer Recordable Disc, 25/Pack",New York,Accessories
104,AB-10150,Aimee Bixby,GBC Wire Binding Combs,New York,Binders
105,AB-10150,Aimee Bixby,"Boston School Pro Electric Pencil Sharpener, 1670",Texas,Art
106,AB-10150,Aimee Bixby,Logitech Wireless Gaming Headset G930,New York,Accessories
107,AB-10150,Aimee Bixby,Xerox 1901,Texas,Paper
108,AB-10150,Aimee Bixby,Acme Forged Steel Scissors with Black Enamel Handles,New York,Supplies
109,AB-10150,Aimee Bixby,Newell 345,New York,Art
110,AB-10150,Aimee Bixby,Telescoping Adjustable Floor Lamp,Texas,Furnishings
111,AB-10150,Aimee Bixby,Acme Elite Stainless Steel Scissors,Texas,Supplies
112,AB-10165,Alan Barnes,Tennsco Regal Shelving Units,California,Storage
113,AB-10165,Alan Barnes,Staples in misc. colors,California,Art
114,AB-10165,Alan Barnes,Imation Bio 8GB USB Flash Drive Imation Corp,California,Accessories
115,AB-10165,Alan Barnes,Zebra Zazzle Fluorescent Highlighters,Ohio,Art
116,AB-10165,Alan Barnes,Zipper Ring Binder Pockets,Washington,Binders
117,AB-10165,Alan Barnes,Belkin Standard 104 key USB Keyboard,Colorado,Accessories
118,AB-10165,Alan Barnes,Xerox 196,Ohio,Paper
119,AB-10165,Alan Barnes,"GBC Velobind Prepunched Cover Sets, Regency Series",California,Binders
120,AB-10165,Alan Barnes,GBC Wire Binding Combs,Washington,Binders
121,AB-10165,Alan Barnes,Flat Face Poster Frame,California,Furnishings
122,AB-10165,Alan Barnes,Xerox 1893,Tennessee,Paper
123,AB-10165,Alan Barnes,SAFCO Optional Arm Kit for Workspace Cribbage Stacking Chair,Illinois,Chairs
124,AB-10165,Alan Barnes,"Sanford Prismacolor Professional Thick Lead Art Pencils, 36-Color Set",Ohio,Art
125,AB-10165,Alan Barnes,Xerox 1977,California,Paper
126,AB-10255,Alejandro Ballentine,C-Line Cubicle Keepers Polyproplyene Holder With Velcro Backings,Mississippi,Furnishings
127,AB-10255,Alejandro Ballentine,Crayola Colored Pencils,California,Art
128,AB-10255,Alejandro Ballentine,Advantus SlideClip Paper Clips,Washington,Fasteners
129,AB-10255,Alejandro Ballentine,Xerox 1885,New Mexico,Paper
130,AB-10255,Alejandro Ballentine,Xerox 1912,New York,Paper
131,AB-10255,Alejandro Ballentine,Cush Cases Heavy Duty Rugged Cover Case for Samsung Galaxy S5 - Purple,Ohio,Phones
132,AB-10255,Alejandro Ballentine,Memorex Mini Travel Drive 4 GB USB 2.0 Flash Drive,Texas,Accessories
133,AB-10255,Alejandro Ballentine,Acme Elite Stainless Steel Scissors,New Mexico,Supplies
134,AB-10255,Alejandro Ballentine,Xerox 215,New Mexico,Paper
135,AB-10255,Alejandro Ballentine,Advantus Rolling Storage Box,Ohio,Storage
136,AB-10255,Alejandro Ballentine,DXL Angle-View Binders with Locking Rings by Samsill,Mississippi,Binders
137,AB-10255,Alejandro Ballentine,Brother DCP1000 Digital 3 in 1 Multifunction Machine,California,Copiers
138,AB-10255,Alejandro Ballentine,"Verbatim 25 GB 6x Blu-ray Single Layer Recordable Disc, 25/Pack",Pennsylvania,Accessories
139,AB-10255,Alejandro Ballentine,"Message Book, Wirebound, Four 5 1/2"" X 4"" Forms/Pg., 200 Dupl. Sets/Book",Pennsylvania,Paper
140,AB-10600,Ann Blume,Cardinal EasyOpen D-Ring Binders,Arizona,Binders
141,AB-10600,Ann Blume,Adtran 1202752G1,Arizona,Phones
142,AB-10600,Ann Blume,Hon 2090 “Pillow Soft” Series Mid Back Swivel/Tilt Chairs,Arizona,Chairs
143,AB-10600,Ann Blume,DYMO CardScan Personal V9 Business Card Scanner,Arizona,Machines
144,AB-10600,Ann Blume,Dana Swing-Arm Lamps,North Carolina,Furnishings
145,AB-10600,Ann Blume,Smead Alpha-Z Color-Coded Second Alphabetical Labels and Starter Set,California,Labels
146,AB-10600,Ann Blume,Case Logic 2.4GHz Wireless Keyboard,Arizona,Accessories
147,AB-10600,Ann Blume,"GBC White Gloss Covers, Plain Front",Illinois,Binders
148,AC-10420,Alyssa Crouse,Tuff Stuff Recycled Round Ring Binders,California,Binders
149,AC-10420,Alyssa Crouse,Fellowes Bankers Box Stor/Drawer Steel Plus,Texas,Storage
150,AC-10420,Alyssa Crouse,"Wilson Jones Elliptical Ring 3 1/2"" Capacity Binders, 800 sheets",Texas,Binders
151,AC-10420,Alyssa Crouse,Hon 5100 Series Wood Tables,California,Tables
152,AC-10420,Alyssa Crouse,"Recycled Interoffice Envelopes with String and Button Closure, 10 x 13",Pennsylvania,Envelopes
153,AC-10450,Amy Cox,Ibico Hi-Tech Manual Binding System,Washington,Binders
154,AC-10450,Amy Cox,Storex Dura Pro Binders,New York,Binders
155,AC-10450,Amy Cox,Martin Yale Chadless Opener Electric Letter Opener,Louisiana,Supplies
156,AC-10450,Amy Cox,Belkin Standard 104 key USB Keyboard,Florida,Accessories
157,AC-10450,Amy Cox,Plantronics HL10 Handset Lifter,Arizona,Phones
158,AC-10450,Amy Cox,"Avery Address/Shipping Labels for Typewriters, 4"" x 2""",Florida,Labels
159,AC-10450,Amy Cox,GBC DocuBind TL300 Electric Binding System,Minnesota,Binders
160,AC-10450,Amy Cox,Great White Multi-Use Recycled Paper (20Lb. and 84 Bright),New York,Paper
161,AC-10450,Amy Cox,Acco Suede Grain Vinyl Round Ring Binder,Florida,Binders
162,AC-10615,Ann Chong,Bush Advantage Collection Racetrack Conference Table,New York,Tables
163,AC-10615,Ann Chong,Avery Hidden Tab Dividers for Binding Systems,Pennsylvania,Binders
164,AC-10615,Ann Chong,"Eldon Delta Triangular Chair Mat, 52"" x 58"", Clear",New York,Furnishings
165,AC-10615,Ann Chong,DAX Cubicle Frames - 8x10,New York,Furnishings
166,AC-10615,Ann Chong,WD My Passport Ultra 2TB Portable External Hard Drive,New York,Accessories
167,AC-10615,Ann Chong,Alliance Rubber Bands,Washington,Fasteners
168,AC-10615,Ann Chong,Sony Micro Vault Click 16 GB USB 2.0 Flash Drive,New York,Accessories
169,AC-10615,Ann Chong,"Gould Plastics 18-Pocket Panel Bin, 34w x 5-1/4d x 20-1/2h",Pennsylvania,Storage
170,AC-10615,Ann Chong,"ACCOHIDE 3-Ring Binder, Blue, 1""",New York,Binders
171,AC-10615,Ann Chong,Avery 518,New York,Labels
172,AC-10615,Ann Chong,Xerox 1962,New York,Paper
173,AC-10615,Ann Chong,BIC Brite Liner Grip Highlighters,New York,Art
174,AC-10615,Ann Chong,Newell 324,New York,Art
175,AC-10615,Ann Chong,Global Commerce Series High-Back Swivel/Tilt Chairs,New York,Chairs
176,AC-10615,Ann Chong,invisibleSHIELD by ZAGG Smudge-Free Screen Protector,Washington,Phones
177,AC-10615,Ann Chong,Iris Project Case,Texas,Storage
178,AC-10615,Ann Chong,Cisco SPA508G,New York,Phones
179,AC-10615,Ann Chong,Fellowes Basic Home/Office Series Surge Protectors,New York,Appliances
180,AC-10660,Anna Chung,Fellowes Officeware Wire Shelving,Texas,Storage
181,AC-10660,Anna Chung,Xerox 1897,Ohio,Paper
182,AC-10660,Anna Chung,i.Sound Portable Power - 8000 mAh,California,Phones
183,AC-10660,Anna Chung,Xerox 1895,Indiana,Paper
184,AC-10660,Anna Chung,Global Italian Leather Office Chair,Ohio,Chairs
185,AC-10660,Anna Chung,Ooma Telo VoIP Home Phone System,California,Phones
186,AD-10180,Alan Dominguez,"1/4 Fold Party Design Invitations & White Envelopes, 24 8-1/2"" X 11"" Cards, 25 Env./Pack",Pennsylvania,Paper
187,AD-10180,Alan Dominguez,"Eldon Expressions Punched Metal & Wood Desk Accessories, Pewter & Cherry",Pennsylvania,Furnishings
188,AD-10180,Alan Dominguez,Great White Multi-Use Recycled Paper (20Lb. and 84 Bright),Montana,Paper
189,AD-10180,Alan Dominguez,Global Deluxe High-Back Manager's Chair,Texas,Chairs
190,AD-10180,Alan Dominguez,KeyTronic 6101 Series - Keyboard - Black,New York,Accessories
191,AD-10180,Alan Dominguez,Xerox 1919,California,Paper
192,AD-10180,Alan Dominguez,Colorific Watercolor Pencils,New York,Art
193,AD-10180,Alan Dominguez,Advantus Rolling Storage Box,Montana,Storage
194,AD-10180,Alan Dominguez,Canon Image Class D660 Copier,Montana,Copiers
195,AD-10180,Alan Dominguez,Tennsco Single-Tier Lockers,Montana,Storage
196,AD-10180,Alan Dominguez,Global Comet Stacking Armless Chair,Connecticut,Chairs
197,AD-10180,Alan Dominguez,Xerox 214,Connecticut,Paper
198,AF-10870,Art Ferguson,AT&T 841000 Phone,New Jersey,Phones
199,AF-10870,Art Ferguson,Digium D40 VoIP phone,New Jersey,Phones
200,AF-10870,Art Ferguson,Recycled Pressboard Report Cover with Reinforced Top Hinge,California,Binders
201,AF-10870,Art Ferguson,Staple remover,Florida,Supplies
202,AF-10870,Art Ferguson,Eureka Sanitaire  Commercial Upright,New Jersey,Appliances
203,AF-10870,Art Ferguson,Logitech Desktop MK120 Mouse and keyboard Combo,Illinois,Accessories
204,AF-10870,Art Ferguson,Insertable Tab Post Binder Dividers,Illinois,Binders
205,AF-10870,Art Ferguson,Xerox 194,Florida,Paper
206,AF-10870,Art Ferguson,Safco Industrial Wire Shelving System,Illinois,Storage
207,AF-10870,Art Ferguson,Bevis 36 x 72 Conference Tables,New Jersey,Tables
208,AF-10870,Art Ferguson,Ampad #10 Peel & Seel Holiday Envelopes,New Jersey,Envelopes
209,AF-10870,Art Ferguson,"Commercial WindTunnel Clean Air Upright Vacuum, Replacement Belts, Filtration Bags",California,Appliances
210,AF-10870,Art Ferguson,Office Star Flex Back Scooter Chair with White Frame,Texas,Chairs
211,AF-10870,Art Ferguson,SanDisk Cruzer 32 GB USB Flash Drive,New Jersey,Accessories
212,AF-10870,Art Ferguson,"Acco Data Flex Cable Posts For Top & Bottom Load Binders, 6"" Capacity",Illinois,Binders
213,AF-10870,Art Ferguson,"Recycled Interoffice Envelopes with String and Button Closure, 10 x 13",California,Envelopes
214,AF-10885,Art Foster,Acco Perma 4000 Stacking Storage Drawers,Ohio,Storage
215,AF-10885,Art Foster,Global Deluxe Office Fabric Chairs,Kentucky,Chairs
216,AF-10885,Art Foster,Staple remover,Ohio,Supplies
217,AF-10885,Art Foster,"Premier Elliptical Ring Binder, Black",Ohio,Binders
218,AF-10885,Art Foster,DIXON Ticonderoga Erasable Checking Pencils,Pennsylvania,Art
219,AF-10885,Art Foster,Bestar Classic Bookcase,Pennsylvania,Bookcases
220,AF-10885,Art Foster,I Need's 3d Hello Kitty Hybrid Silicone Case Cover for HTC One X 4g with 3d Hello Kitty Stylus Pen Green/pink,Kentucky,Phones
221,AG-10270,Alejandro Grove,"Rogers Jumbo File, Granite",Nebraska,Storage
222,AG-10270,Alejandro Grove,Harmony Air Purifier,Nebraska,Appliances
223,AG-10270,Alejandro Grove,Fellowes Super Stor/Drawer,Utah,Storage
224,AG-10270,Alejandro Grove,Mediabridge Sport Armband iPhone 5s,Nebraska,Phones
225,AG-10270,Alejandro Grove,Avery 49,Nebraska,Labels
226,AG-10270,Alejandro Grove,"Adams Telephone Message Book W/Dividers/Space For Phone Numbers, 5 1/4""X8 1/2"", 300/Messages",Nebraska,Paper
227,AG-10270,Alejandro Grove,GBC Standard Plastic Binding Systems' Combs,Massachusetts,Binders
228,AG-10270,Alejandro Grove,Case Logic 2.4GHz Wireless Keyboard,New York,Accessories
229,AG-10270,Alejandro Grove,Things To Do Today Pad,Nebraska,Paper
230,AG-10270,Alejandro Grove,"Fellowes Mobile File Cart, Black",Nebraska,Storage
231,AG-10270,Alejandro Grove,"BlueLounge Milo Smartphone Stand, White/Metallic",Nebraska,Phones
232,AG-10270,Alejandro Grove,"Eldon Expressions Punched Metal & Wood Desk Accessories, Black & Cherry",Pennsylvania,Furnishings
233,AG-10270,Alejandro Grove,"Electrix Architect's Clamp-On Swing Arm Lamp, Black",Nebraska,Furnishings
234,AG-10270,Alejandro Grove,"Elite 5"" Scissors",Nebraska,Supplies
235,AG-10300,Aleksandra Gannaway,O'Sullivan 5-Shelf Heavy-Duty Bookcases,Massachusetts,Bookcases
236,AG-10300,Aleksandra Gannaway,"Acco Pressboard Covers with Storage Hooks, 14 7/8"" x 11"", Executive Red",California,Binders
237,AG-10300,Aleksandra Gannaway,"Premium Writing Pencils, Soft, #2 by Central Association for the Blind",California,Art
238,AG-10300,Aleksandra Gannaway,Hoover Commercial Soft Guard Upright Vacuum And Disposable Filtration Bags,Nevada,Appliances
239,AG-10300,Aleksandra Gannaway,Bevis Steel Folding Chairs,California,Chairs
240,AG-10330,Alex Grayson,Newell 310,North Carolina,Art
241,AG-10330,Alex Grayson,"Tyvek  Top-Opening Peel & Seel Envelopes, Plain White",Oklahoma,Envelopes
242,AG-10330,Alex Grayson,"Lesro Round Back Collection Coffee Table, End Table",Arizona,Tables
243,AG-10330,Alex Grayson,Jackery Bar Premium Fast-charging Portable Charger,California,Phones
244,AG-10330,Alex Grayson,Xerox 1887,Texas,Paper
245,AG-10330,Alex Grayson,Xerox 1931,Texas,Paper
246,AG-10330,Alex Grayson,"Cardinal HOLDit! Binder Insert Strips,Extra Strips",Texas,Binders
247,AG-10330,Alex Grayson,Xerox 225,California,Paper
248,AG-10330,Alex Grayson,Sony Micro Vault Click 4 GB USB 2.0 Flash Drive,Oklahoma,Accessories
249,AG-10390,Allen Goldenen,Acco 3-Hole Punch,Ohio,Binders
250,AG-10390,Allen Goldenen,Avery Recycled Flexi-View Covers for Binding Systems,Ohio,Binders
251,AG-10390,Allen Goldenen,"C-Line Magnetic Cubicle Keepers, Clear Polypropylene",California,Furnishings
252,AG-10390,Allen Goldenen,Xerox 232,Virginia,Paper
253,AG-10390,Allen Goldenen,Newell 343,Tennessee,Art
254,AG-10390,Allen Goldenen,GBC Durable Plastic Covers,Virginia,Binders
255,AG-10390,Allen Goldenen,Southworth 25% Cotton Granite Paper & Envelopes,Ohio,Paper
256,AG-10390,Allen Goldenen,Avery 514,New York,Labels
257,AG-10495,Andrew Gjertsen,Smead Alpha-Z Color-Coded Name Labels First Letter Starter Set,Florida,Labels
258,AG-10495,Andrew Gjertsen,Plantronics MX500i Earset,Arizona,Phones
259,AG-10495,Andrew Gjertsen,"Adams Write n' Stick Phone Message Book, 11"" X 5 1/4"", 200 Messages",Pennsylvania,Paper
260,AG-10495,Andrew Gjertsen,Xerox 1999,Texas,Paper
261,AG-10495,Andrew Gjertsen,Xerox 1951,Florida,Paper
262,AG-10495,Andrew Gjertsen,Fellowes Super Stor/Drawer Files,Florida,Storage
263,AG-10495,Andrew Gjertsen,"Advantus Employee of the Month Certificate Frame, 11 x 13-1/2",Florida,Furnishings
264,AG-10495,Andrew Gjertsen,DAX Wood Document Frame,Virginia,Furnishings
265,AG-10495,Andrew Gjertsen,Eldon Simplefile Box Office,Pennsylvania,Storage
266,AG-10495,Andrew Gjertsen,"Holmes Replacement Filter for HEPA Air Cleaner, Very Large Room, HEPA Filter",Michigan,Appliances
267,AG-10495,Andrew Gjertsen,Avery Non-Stick Binders,Washington,Binders
268,AG-10495,Andrew Gjertsen,Xerox 1963,Florida,Paper
269,AG-10495,Andrew Gjertsen,"Post-it “Important Message” Note Pad, Neon Colors, 50 Sheets/Pad",Pennsylvania,Paper
270,AG-10495,Andrew Gjertsen,Newell 344,Florida,Art
271,AG-10495,Andrew Gjertsen,"Advantus 10-Drawer Portable Organizer, Chrome Metal Frame, Smoke Drawers",Michigan,Storage
272,AG-10495,Andrew Gjertsen,"Premier Elliptical Ring Binder, Black",Florida,Binders
273,AG-10495,Andrew Gjertsen,Xerox 2,Texas,Paper
274,AG-10495,Andrew Gjertsen,Avery 489,Pennsylvania,Labels
275,AG-10495,Andrew Gjertsen,KI Conference Tables,Texas,Tables
276,AG-10495,Andrew Gjertsen,Panasonic KX-TG6844B Expandable Digital Cordless Telephone,Arizona,Phones
277,AG-10495,Andrew Gjertsen,"Fellowes Twister Kit, Gray/Clear, 3/pkg",California,Binders
278,AG-10525,Andy Gerbode,Bretford CR8500 Series Meeting Room Furniture,New York,Tables
279,AG-10525,Andy Gerbode,"Acco Pressboard Covers with Storage Hooks, 9 1/2"" x 11"", Executive Red",New York,Binders
280,AG-10525,Andy Gerbode,Assorted Color Push Pins,New York,Fasteners
281,AG-10525,Andy Gerbode,AT&T 1070 Corded Phone,Florida,Phones
282,AG-10525,Andy Gerbode,Xerox 21,Florida,Paper
283,AG-10525,Andy Gerbode,KeyTronic E03601U1 - Keyboard - Beige,New York,Accessories
284,AG-10525,Andy Gerbode,Mobile Personal File Cube,New York,Storage
285,AG-10525,Andy Gerbode,Epson TM-T88V Direct Thermal Printer - Monochrome - Desktop,Texas,Machines
286,AG-10525,Andy Gerbode,"SlimView Poly Binder, 3/8""",Virginia,Binders
287,AG-10675,Anna Gayman,Avery Durable Poly Binders,Georgia,Binders
288,AG-10675,Anna Gayman,Easy-staple paper,Virginia,Paper
289,AG-10675,Anna Gayman,"Riverside Palais Royal Lawyers Bookcase, Royale Cherry Finish",Texas,Bookcases
290,AG-10675,Anna Gayman,Fellowes Desktop Hanging File Manager,Georgia,Storage
291,AG-10675,Anna Gayman,Electrix Fluorescent Magnifier Lamps & Weighted Base,North Carolina,Furnishings
292,AG-10675,Anna Gayman,Super Decoflex Portable Personal File,Texas,Storage
293,AG-10675,Anna Gayman,"Contico 72""H Heavy-Duty Storage System",Texas,Storage
294,AG-10675,Anna Gayman,Holmes HEPA Air Purifier,North Carolina,Appliances
295,AG-10675,Anna Gayman,Newell 322,North Carolina,Art
296,AG-10675,Anna Gayman,Rosewill 107 Normal Keys USB Wired Standard Keyboard,Wisconsin,Accessories
297,AG-10675,Anna Gayman,Xerox 1882,North Carolina,Paper
298,AG-10675,Anna Gayman,Sony 64GB Class 10 Micro SDHC R40 Memory Card,Texas,Accessories
299,AG-10675,Anna Gayman,Xerox 198,Texas,Paper
300,AG-10675,Anna Gayman,Samsung Replacement EH64AVFWE Premium Headset,North Carolina,Phones
301,AG-10675,Anna Gayman,Chromcraft Round Conference Tables,Texas,Tables
302,AG-10765,Anthony Garverick,Vinyl Sectional Post Binders,Virginia,Binders
303,AG-10765,Anthony Garverick,Avery Poly Binder Pockets,Indiana,Binders
304,AG-10765,Anthony Garverick,"Acco Pressboard Covers with Storage Hooks, 14 7/8"" x 11"", Light Blue",Pennsylvania,Binders
305,AG-10765,Anthony Garverick,"GBC Twin Loop Wire Binding Elements, 9/16"" Spine, Black",Illinois,Binders
306,AG-10765,Anthony Garverick,Catalog Binders with Expanding Posts,Illinois,Binders
307,AG-10900,Arthur Gainer,Wilson Jones Custom Binder Spines & Labels,Arizona,Binders
308,AG-10900,Arthur Gainer,Avery 497,California,Labels
309,AG-10900,Arthur Gainer,"DXL Angle-View Binders with Locking Rings, Black",California,Binders
310,AG-10900,Arthur Gainer,Microsoft Natural Keyboard Elite,Arizona,Accessories
311,AG-10900,Arthur Gainer,Newell 324,Arizona,Art
312,AG-10900,Arthur Gainer,"Sauder Camden County Collection Libraries, Planked Cherry Finish",California,Bookcases
313,AG-10900,Arthur Gainer,Staple envelope,Illinois,Envelopes
314,AG-10900,Arthur Gainer,Avery 492,Florida,Labels
315,AG-10900,Arthur Gainer,Hon GuestStacker Chair,Wisconsin,Chairs
316,AG-10900,Arthur Gainer,"Bush Westfield Collection Bookcases, Dark Cherry Finish",Wisconsin,Bookcases
317,AG-10900,Arthur Gainer,Belkin F9G930V10-GRY 9 Outlet Surge,California,Appliances
318,AG-10900,Arthur Gainer,"Sauder Camden County Barrister Bookcase, Planked Cherry Finish",California,Bookcases
319,AG-10900,Arthur Gainer,"Global Value Steno Chair, Gray",Illinois,Chairs
320,AG-10900,Arthur Gainer,Bush Somerset Collection Bookcase,Florida,Bookcases
321,AG-10900,Arthur Gainer,Acme Forged Steel Scissors with Black Enamel Handles,Connecticut,Supplies
322,AG-10900,Arthur Gainer,Steel Personal Filing/Posting Tote,Virginia,Storage
323,AG-10900,Arthur Gainer,Eldon Advantage Chair Mats for Low to Medium Pile Carpets,Connecticut,Furnishings
324,AG-10900,Arthur Gainer,NETGEAR AC1750 Dual Band Gigabit Smart WiFi Router,Arizona,Accessories
325,AG-10900,Arthur Gainer,Eldon Advantage Foldable Chair Mats for Low Pile Carpets,Texas,Furnishings
326,AG-10900,Arthur Gainer,Avery 519,Connecticut,Labels
327,AG-10900,Arthur Gainer,Avery 474,Pennsylvania,Labels
328,AH-10030,Aaron Hawkins,Avery 51,New York,Labels
329,AH-10030,Aaron Hawkins,"Iceberg Nesting Folding Chair, 19w x 6d x 43h",California,Chairs
330,AH-10030,Aaron Hawkins,GBC VeloBind Cover Sets,California,Binders
331,AH-10030,Aaron Hawkins,"Verbatim 25 GB 6x Blu-ray Single Layer Recordable Disc, 10/Pack",New York,Accessories
332,AH-10030,Aaron Hawkins,Avery Fluorescent Highlighter Four-Color Set,Pennsylvania,Art
333,AH-10030,Aaron Hawkins,Staple envelope,New York,Envelopes
334,AH-10030,Aaron Hawkins,"Eldon Image Series Desk Accessories, Ebony",Mississippi,Furnishings
335,AH-10030,Aaron Hawkins,EcoTones Memo Sheets,California,Paper
336,AH-10030,Aaron Hawkins,Geemarc AmpliPOWER60,California,Phones
337,AH-10030,Aaron Hawkins,Fellowes Super Stor/Drawer Files,California,Storage
338,AH-10030,Aaron Hawkins,"ACCOHIDE 3-Ring Binder, Blue, 1""",New York,Binders
339,AH-10075,Adam Hart,GBC DocuBind 300 Electric Binding Machine,New York,Binders
340,AH-10075,Adam Hart,"Ampad Phone Message Book, Recycled, 400 Message Capacity, 5 �” x 11”",California,Paper
341,AH-10075,Adam Hart,Compact Automatic Electric Letter Opener,Pennsylvania,Supplies
342,AH-10075,Adam Hart,"OIC #2 Pencils, Medium Soft",Ohio,Art
343,AH-10075,Adam Hart,"Eldon 400 Class Desk Accessories, Black Carbon",Rhode Island,Furnishings
344,AH-10075,Adam Hart,"Howard Miller 12"" Round Wall Clock",Nevada,Furnishings
345,AH-10075,Adam Hart,Newell 347,Georgia,Art
346,AH-10075,Adam Hart,Office Star - Mesh Screen back chair with Vinyl seat,Tennessee,Chairs
347,AH-10075,Adam Hart,KI Adjustable-Height Table,Rhode Island,Tables
348,AH-10075,Adam Hart,Premier Electric Letter Opener,California,Supplies
349,AH-10075,Adam Hart,OIC Binder Clips,California,Fasteners
350,AH-10075,Adam Hart,"Office Impressions End Table, 20-1/2""H x 24""W x 20""D",Rhode Island,Tables
351,AH-10075,Adam Hart,Avery Metallic Poly Binders,Pennsylvania,Binders
352,AH-10075,Adam Hart,Deflect-o DuraMat Antistatic Studded Beveled Mat for Medium Pile Carpeting,Rhode Island,Furnishings
353,AH-10075,Adam Hart,Hoover Replacement Belt for Commercial Guardsman Heavy-Duty Upright Vacuum,Rhode Island,Appliances
354,AH-10075,Adam Hart,Xerox 214,Texas,Paper
355,AH-10075,Adam Hart,Xerox 1949,Tennessee,Paper
356,AH-10075,Adam Hart,"Wirebound Message Book, 4 per Page",Rhode Island,Paper
357,AH-10075,Adam Hart,Permanent Self-Adhesive File Folder Labels for Typewriters by Universal,California,Labels
358,AH-10075,Adam Hart,WD My Passport Ultra 1TB Portable External Hard Drive,Texas,Accessories
359,AH-10120,Adrian Hane,"Iceberg OfficeWorks 42"" Round Tables",Oregon,Tables
360,AH-10120,Adrian Hane,Xerox 1942,California,Paper
361,AH-10120,Adrian Hane,Sony Micro Vault Click 8 GB USB 2.0 Flash Drive,Oregon,Accessories
362,AH-10120,Adrian Hane,Logitech Desktop MK120 Mouse and keyboard Combo,Kentucky,Accessories
363,AH-10120,Adrian Hane,Xerox 1891,California,Paper
364,AH-10120,Adrian Hane,Wilson Jones Four-Pocket Poly Binders,Texas,Binders
365,AH-10120,Adrian Hane,Macally Suction Cup Mount,Oregon,Phones
366,AH-10120,Adrian Hane,Kingston Digital DataTraveler 16GB USB 2.0,Illinois,Accessories
367,AH-10120,Adrian Hane,Newell 350,Texas,Art
368,AH-10120,Adrian Hane,"Black Print Carbonless 8 1/2"" x 8 1/4"" Rapid Memo Book",Oregon,Paper
369,AH-10120,Adrian Hane,Office Star - Ergonomically Designed Knee Chair,Arizona,Chairs
370,AH-10120,Adrian Hane,Avery White Multi-Purpose Labels,Oregon,Labels
371,AH-10120,Adrian Hane,Vinyl Sectional Post Binders,Oregon,Binders
372,AH-10120,Adrian Hane,GBC Prestige Therm-A-Bind Covers,Kentucky,Binders
373,AH-10120,Adrian Hane,Newell 312,Oregon,Art
374,AH-10120,Adrian Hane,"White Dual Perf Computer Printout Paper, 2700 Sheets, 1 Part, Heavyweight, 20 lbs., 14 7/8 x 11",Texas,Paper
375,AH-10195,Alan Haines,DXL Angle-View Binders with Locking Rings by Samsill,New York,Binders
376,AH-10195,Alan Haines,36X48 HARDFLOOR CHAIRMAT,Pennsylvania,Furnishings
377,AH-10195,Alan Haines,GBC VeloBinder Electric Binding Machine,Florida,Binders
378,AH-10195,Alan Haines,"Acco 7-Outlet Masterpiece Power Center, Wihtout Fax/Phone Line Protection",Florida,Appliances
379,AH-10195,Alan Haines,Premier Automatic Letter Opener,Florida,Supplies
380,AH-10195,Alan Haines,"Situations Contoured Folding Chairs, 4/Set",Pennsylvania,Chairs
381,AH-10195,Alan Haines,Acco Translucent Poly Ring Binders,New York,Binders
382,AH-10195,Alan Haines,Avery Recycled Flexi-View Covers for Binding Systems,Illinois,Binders
383,AH-10210,Alan Hwang,Newell 323,California,Art
384,AH-10210,Alan Hwang,GBC DocuBind 300 Electric Binding Machine,Kentucky,Binders
385,AH-10210,Alan Hwang,Staples,California,Fasteners
386,AH-10210,Alan Hwang,"Speediset Carbonless Redi-Letter 7"" x 8 1/2""",Tennessee,Paper
387,AH-10210,Alan Hwang,Avery Durable Slant Ring Binders With Label Holder,New York,Binders
388,AH-10210,Alan Hwang,Microsoft Sculpt Comfort Mouse,California,Accessories
389,AH-10210,Alan Hwang,Panasonic KX TS208W Corded phone,Texas,Phones
390,AH-10210,Alan Hwang,"Green Canvas Binder for 8-1/2"" x 14"" Sheets",California,Binders
391,AH-10210,Alan Hwang,Pressboard Data Binders by Wilson Jones,New York,Binders
392,AH-10210,Alan Hwang,Wilson SignalBoost 841262 DB PRO Amplifier Kit,California,Phones
393,AH-10210,Alan Hwang,Digium D40 VoIP phone,New York,Phones
394,AH-10210,Alan Hwang,"Trav-L-File Heavy-Duty Shuttle II, Black",Kentucky,Storage
395,AH-10210,Alan Hwang,Office Impressions Heavy Duty Welded Shelving & Multimedia Storage Drawers,Washington,Storage
396,AH-10465,Amy Hunt,Avery 499,Alabama,Labels
397,AH-10465,Amy Hunt,Google Nexus 5,New York,Phones
398,AH-10465,Amy Hunt,Enermax Acrylux Wireless Keyboard,Texas,Accessories
399,AH-10465,Amy Hunt,Newell 317,Texas,Art
400,AH-10465,Amy Hunt,Hon 61000 Series Interactive Training Tables,California,Tables
401,AH-10465,Amy Hunt,"Acme Hot Forged Carbon Steel Scissors with Nickel-Plated Handles, 3 7/8"" Cut, 8""L",Tennessee,Supplies
402,AH-10465,Amy Hunt,O'Sullivan Living Dimensions 5-Shelf Bookcases,Texas,Bookcases
403,AH-10465,Amy Hunt,X-Rack File for Hanging Folders,New York,Storage
404,AH-10585,Angele Hood,Global Comet Stacking Armless Chair,Florida,Chairs
405,AH-10585,Angele Hood,Xerox 1921,Illinois,Paper
406,AH-10585,Angele Hood,SANFORD Major Accent Highlighters,Washington,Art
407,AH-10585,Angele Hood,Tenex Chairmats For Use With Carpeted Floors,Washington,Furnishings
408,AH-10585,Angele Hood,Vtech CS6719,Washington,Phones
409,AH-10690,Anna Häberlin,VTech DS6151,Florida,Phones
410,AH-10690,Anna Häberlin,Fellowes Presentation Covers for Comb Binding Machines,Michigan,Binders
411,AH-10690,Anna Häberlin,Avery 473,Virginia,Labels
412,AH-10690,Anna Häberlin,Magna Visual Magnetic Picture Hangers,Florida,Furnishings
413,AH-10690,Anna Häberlin,"Perma STOR-ALL Hanging File Box, 13 1/8""W x 12 1/4""D x 10 1/2""H",Texas,Storage
414,AH-10690,Anna Häberlin,Luxo Adjustable Task Clamp Lamp,Virginia,Furnishings
415,AH-10690,Anna Häberlin,"SlimView Poly Binder, 3/8""",Florida,Binders
416,AH-10690,Anna Häberlin,ShoreTel ShorePhone IP 230 VoIP phone,Texas,Phones
417,AH-10690,Anna Häberlin,Polycom SoundPoint IP 450 VoIP phone,California,Phones
418,AH-10690,Anna Häberlin,Wausau Papers Astrobrights Colored Envelopes,Georgia,Envelopes
419,AH-10690,Anna Häberlin,Plantronics CS510 - Over-the-Head monaural Wireless Headset System,Virginia,Accessories
420,AH-10690,Anna Häberlin,"Office Star - Contemporary Task Swivel chair with Loop Arms, Charcoal",Florida,Chairs
421,AH-10690,Anna Häberlin,Laminate Occasional Tables,California,Tables
422,AH-10690,Anna Häberlin,Samsung HM1900 Bluetooth Headset,Florida,Phones
423,AH-10690,Anna Häberlin,Hon Rectangular Conference Tables,Virginia,Tables
424,AH-10690,Anna Häberlin,Newell 317,Florida,Art
425,AH-10690,Anna Häberlin,Stiletto Hand Letter Openers,Texas,Supplies
426,AH-10690,Anna Häberlin,"Eldon Expressions Wood Desk Accessories, Oak",Texas,Furnishings
427,AH-10690,Anna Häberlin,Wilson Jones Leather-Like Binders with DublLock Round Rings,Florida,Binders
428,AH-10690,Anna Häberlin,Easy-staple paper,New York,Paper
429,AH-10690,Anna Häberlin,Avery Self-Adhesive Photo Pockets for Polaroid Photos,Texas,Binders
430,AH-10690,Anna Häberlin,Staple holder,California,Appliances
431,AH-10690,Anna Häberlin,"Global Push Button Manager's Chair, Indigo",Florida,Chairs
432,AI-10855,Arianne Irving,"LF Elite 3D Dazzle Designer Hard Case Cover, Lf Stylus Pen and Wiper For Apple Iphone 5c Mini Lite",Washington,Phones
433,AI-10855,Arianne Irving,HTC One,California,Phones
434,AI-10855,Arianne Irving,Embossed Ink Jet Note Cards,California,Paper
435,AI-10855,Arianne Irving,Alphabetical Labels for Top Tab Filing,California,Labels
436,AI-10855,Arianne Irving,Belkin F9S820V06 8 Outlet Surge,California,Appliances
437,AI-10855,Arianne Irving,Standard Rollaway File with Lock,California,Storage
438,AI-10855,Arianne Irving,"Howard Miller 11-1/2"" Diameter Ridgewood Wall Clock",California,Furnishings
439,AI-10855,Arianne Irving,Xerox 223,California,Paper
440,AI-10855,Arianne Irving,Peel & Stick Add-On Corner Pockets,California,Binders
441,AI-10855,Arianne Irving,Xerox 1933,California,Paper
442,AI-10855,Arianne Irving,Hon Valutask Swivel Chairs,Virginia,Chairs
443,AI-10855,Arianne Irving,Easy-staple paper,California,Paper
444,AI-10855,Arianne Irving,"Strathmore #10 Envelopes, Ultimate White",Washington,Envelopes
445,AI-10855,Arianne Irving,Newell 338,California,Art
446,AI-10855,Arianne Irving,Unpadded Memo Slips,Arizona,Paper
447,AI-10855,Arianne Irving,"Leather Task Chair, Black",Pennsylvania,Chairs
448,AI-10855,Arianne Irving,Xerox 1923,New York,Paper
449,AI-10855,Arianne Irving,Samsung Galaxy Mega 6.3,California,Phones
450,AJ-10780,Anthony Jacobs,"Fellowes Strictly Business Drawer File, Letter/Legal Size",Massachusetts,Storage
451,AJ-10780,Anthony Jacobs,Xerox 1906,Massachusetts,Paper
452,AJ-10780,Anthony Jacobs,Hoover Upright Vacuum With Dirt Cup,Massachusetts,Appliances
453,AJ-10780,Anthony Jacobs,"OIC #2 Pencils, Medium Soft",Maryland,Art
454,AJ-10780,Anthony Jacobs,Hon 94000 Series Round Tables,Ohio,Tables
455,AJ-10780,Anthony Jacobs,Green Bar Computer Printout Paper,Arizona,Paper
456,AJ-10780,Anthony Jacobs,"Eberhard Faber 3 1/2"" Golf Pencils",Maryland,Art
457,AJ-10780,Anthony Jacobs,Prang Colored Pencils,Maryland,Art
458,AJ-10780,Anthony Jacobs,Avery 482,Virginia,Labels
459,AJ-10780,Anthony Jacobs,"Howard Miller 11-1/2"" Diameter Ridgewood Wall Clock",Virginia,Furnishings
460,AJ-10780,Anthony Jacobs,Belkin F8E887 USB Wired Ergonomic Keyboard,Maryland,Accessories
461,AJ-10780,Anthony Jacobs,"Office Star - Contemporary Task Swivel chair with Loop Arms, Charcoal",Maryland,Chairs
462,AJ-10780,Anthony Jacobs,"Wirebound Message Book, 4 per Page",California,Paper
463,AJ-10780,Anthony Jacobs,Avery 505,Maryland,Labels
464,AJ-10780,Anthony Jacobs,ACCOHIDE Binder by Acco,Florida,Binders
465,AJ-10795,Anthony Johnson,Mophie Juice Pack Helium for iPhone,California,Phones
466,AJ-10795,Anthony Johnson,DYMO CardScan Personal V9 Business Card Scanner,California,Machines
467,AJ-10795,Anthony Johnson,"Peel & Seel Recycled Catalog Envelopes, Brown",California,Envelopes
468,AJ-10795,Anthony Johnson,"Contract Clock, 14"", Brown",Washington,Furnishings
469,AJ-10795,Anthony Johnson,"Rogers Jumbo File, Granite",Virginia,Storage
470,AJ-10795,Anthony Johnson,Sterilite Show Offs Storage Containers,California,Storage
471,AJ-10795,Anthony Johnson,Electrix Halogen Magnifier Lamp,Florida,Furnishings
472,AJ-10795,Anthony Johnson,Newell 337,Florida,Art
473,AJ-10795,Anthony Johnson,Staples,Virginia,Fasteners
474,AJ-10795,Anthony Johnson,Avery 477,California,Labels
475,AJ-10795,Anthony Johnson,"Executive Impressions 10"" Spectator Wall Clock",California,Furnishings
476,AJ-10795,Anthony Johnson,Round Ring Binders,New York,Binders
477,AJ-10795,Anthony Johnson,"Logitech B530 USB Headset - headset - Full size, Binaural",Florida,Phones
478,AJ-10795,Anthony Johnson,Logitech MX Performance Wireless Mouse,Florida,Accessories
479,AJ-10795,Anthony Johnson,Hon Olson Stacker Chairs,Virginia,Chairs
480,AJ-10795,Anthony Johnson,"Atlantic Metals Mobile 4-Shelf Bookcases, Custom Colors",California,Bookcases
481,AJ-10795,Anthony Johnson,Xerox 221,California,Paper
482,AJ-10795,Anthony Johnson,Imation 30456 USB Flash Drive 8GB,Virginia,Accessories
483,AJ-10795,Anthony Johnson,Xerox 1981,California,Paper
484,AJ-10795,Anthony Johnson,Stacking Trays by OIC,California,Furnishings
485,AJ-10795,Anthony Johnson,Avery Hanging File Binders,California,Binders
486,AJ-10945,Ashley Jarboe,Novimex Swivel Fabric Task Chair,Michigan,Chairs
487,AJ-10945,Ashley Jarboe,Micro Innovations USB RF Wireless Keyboard with Mouse,California,Accessories
488,AJ-10945,Ashley Jarboe,"Holmes Visible Mist Ultrasonic Humidifier with 2.3-Gallon Output per Day, Replacement Filter",California,Appliances
489,AJ-10945,Ashley Jarboe,Zebra Zazzle Fluorescent Highlighters,North Carolina,Art
490,AJ-10945,Ashley Jarboe,Polycom CX300 Desktop Phone USB VoIP phone,Michigan,Phones
491,AJ-10945,Ashley Jarboe,"iKross Bluetooth Portable Keyboard + Cell Phone Stand Holder + Brush for Apple iPhone 5S 5C 5, 4S 4",Michigan,Phones
492,AJ-10945,Ashley Jarboe,Avery 491,Michigan,Labels
493,AJ-10945,Ashley Jarboe,Avery Hi-Liter Smear-Safe Highlighters,Arizona,Art
494,AJ-10945,Ashley Jarboe,Tripp Lite Isotel 8 Ultra 8 Outlet Metal Surge,Indiana,Appliances
495,AJ-10945,Ashley Jarboe,Catalog Binders with Expanding Posts,Michigan,Binders
496,AJ-10960,Astrea Jones,Fellowes Officeware Wire Shelving,New York,Storage
497,AJ-10960,Astrea Jones,Colored Envelopes,New York,Envelopes
498,AJ-10960,Astrea Jones,Kensington 6 Outlet SmartSocket Surge Protector,New York,Appliances
499,AJ-10960,Astrea Jones,"Cardinal HOLDit! Binder Insert Strips,Extra Strips",New York,Binders
500,AJ-10960,Astrea Jones,Economy #2 Pencils,California,Art
